N,P,K,temperature,humidity,ph,rainfall,label
90,42,43,20.87974371,82.00274423,6.502985292,202.9355362,0
85,58,41,21.77046169,80.31964408,7.038096361,226.6555374,0
60,55,44,23.00445915,82.3207629,7.840207144,263.9642476,0
74,35,40,26.49109635,80.15836264,6.980400905,242.8640342,0
78,42,42,20.13017482,81.60487287,7.628472891,262.7173405,0
69,37,42,23.05804872,83.37011772,7.073453503,251.0549998,0
69,55,38,22.70883798,82.63941394,5.70080568,271.3248604,0
94,53,40,20.27774362,82.89408619,5.718627178,241.9741949,0
89,54,38,24.51588066,83.5352163,6.685346424,230.4462359,0
68,58,38,23.22397386,83.03322691,6.336253525,221.2091958,0
91,53,40,26.52723513,81.41753846,5.386167788,264.6148697,0
90,46,42,23.97898217,81.45061596,7.50283396,250.0832336,0
78,58,44,26.80079604,80.88684822,5.108681786,284.4364567,0
93,56,36,24.01497622,82.05687182,6.98435366,185.2773389,0
94,50,37,25.66585205,80.66385045,6.94801983,209.5869708,0
60,48,39,24.28209415,80.30025587,7.042299069,231.0863347,0
85,38,41,21.58711777,82.7883708,6.249050656,276.6552459,0
91,35,39,23.79391957,80.41817957,6.970859754,206.2611855,0
77,38,36,21.8652524,80.1923008,5.953933276,224.5550169,0
88,35,40,23.57943626,83.58760316,5.85393208,291.2986618,0
89,45,36,21.32504158,80.47476396,6.442475375,185.4974732,0
76,40,43,25.15745531,83.11713476,5.070175667,231.3843163,0
67,59,41,21.94766735,80.97384195,6.012632591,213.3560921,0
83,41,43,21.0525355,82.67839517,6.254028451,233.1075816,0
98,47,37,23.48381344,81.33265073,7.375482851,224.0581164,0
66,53,41,25.0756354,80.52389148,7.778915154,257.0038865,0
97,59,43,26.35927159,84.04403589,6.286500176,271.3586137,0
97,50,41,24.52922681,80.54498576,7.070959995,260.2634026,0
60,49,44,20.77576147,84.49774397,6.244841491,240.0810647,0
84,51,35,22.30157427,80.64416466,6.043304899,197.9791215,0
73,57,41,21.44653958,84.94375962,5.824709117,272.2017204,0
92,35,40,22.17931888,80.33127223,6.357389366,200.0882787,0
85,37,39,24.52783742,82.73685569,6.364134968,224.6757231,0
98,53,38,20.26707606,81.63895217,5.01450727,270.4417274,0
88,54,44,25.7354293,83.88266234,6.149410611,233.1321372,0
95,55,42,26.79533926,82.1480873,5.950660556,193.3473987,0
99,57,35,26.75754171,81.17734011,5.960370061,272.2999056,0
95,39,36,23.86330467,83.15250801,5.561398642,285.2493645,0
60,43,44,21.01944696,82.95221726,7.416245107,298.4018471,0
63,44,41,24.17298839,83.7287574,5.583370042,257.0343554,0
62,42,36,22.78133816,82.06719137,6.430010215,248.7183228,0
64,45,43,25.62980105,83.52842314,5.534878156,209.9001977,0
83,60,36,25.59704938,80.14509262,6.903985986,200.834898,0
82,40,40,23.83067496,84.81360127,6.271478838,298.5601175,0
85,52,45,26.31355498,82.36698992,7.224285503,265.5355937,0
91,35,38,24.8972823,80.52586088,6.13428721,183.6793207,0
76,49,42,24.958779,84.47963372,5.206373153,196.9560008,0
74,39,38,23.24113501,84.59201843,7.782051313,233.0453455,0
79,43,39,21.66628296,80.70960551,7.062779015,210.8142087,0
88,55,45,24.63544858,80.41363018,7.730367824,253.7202781,0
60,36,43,23.43121862,83.06310136,5.286203711,219.9048349,0
76,60,39,20.0454142,80.3477562,6.766240045,208.5810155,0
93,56,42,23.85724032,82.22572988,7.382762603,195.0948311,0
65,60,43,21.97199397,81.89918197,5.658169482,227.3637009,0
95,52,36,26.22916897,83.83625819,5.543360238,286.5083725,0
75,38,39,23.44676801,84.79352417,6.215109715,283.9338466,0
74,54,38,25.65553461,83.47021081,7.120272972,217.3788583,0
91,36,45,24.44345477,82.45432595,5.950647577,267.9761948,0
71,46,40,20.2801937,82.1235421,7.236705436,191.9535738,0
99,55,35,21.7238313,80.2389895,6.501697816,277.9626192,0
72,40,38,20.41447029,82.20802629,7.592490617,245.1511304,0
83,58,45,25.75528612,83.51827127,5.875345751,245.6626799,0
93,58,38,20.61521424,83.77345559,6.932400225,279.5451717,0
70,36,42,21.84106875,80.72886384,6.946209881,202.3838319,0
76,47,42,20.08369642,83.29114712,5.739175027,263.6372176,0
99,41,36,24.45802087,82.74835604,6.738652179,182.5616319,0
99,54,37,21.14347496,80.33502926,5.594819626,198.6730942,0
86,59,35,25.78720567,82.11124033,6.946636369,243.5120414,0
69,46,41,23.64124821,80.28597873,5.012139669,263.1103304,0
91,56,37,23.43191632,80.56887849,6.363472208,269.5039162,0
61,52,41,24.97669518,83.891805,6.880431223,204.8001847,0
67,45,38,22.72791041,82.1706881,7.300410836,260.8875056,0
79,42,37,24.87300744,82.84022551,6.587918708,295.6094492,0
78,43,42,21.32376327,83.00320459,7.283736617,192.3197536,0
75,54,36,26.29465461,84.56919326,7.023936392,257.4914906,0
97,36,45,22.2286982,81.85872947,6.939083505,278.0791793,0
67,47,44,26.73072391,81.78596776,7.868474653,280.4044392,0
73,35,38,24.88921174,81.97927117,5.005306977,185.9461429,0
77,36,37,26.88444878,81.46033732,6.136131869,194.5766559,0
81,41,38,22.67846116,83.72874389,7.524080076,200.9133156,0
68,57,43,26.08867875,80.37979919,5.706943251,182.9043504,0
72,45,35,25.42977518,82.94682591,5.758506323,195.3574542,0
61,53,43,26.40323239,81.05635517,6.349606327,223.3671883,0
67,43,39,26.04371967,84.96907151,5.999969026,186.7536773,0
67,58,39,25.2827223,80.54372813,5.453592032,220.1156708,0
66,60,38,22.08576562,83.47038318,6.372576327,231.7364957,0
82,43,38,23.28617173,81.43321641,5.105588355,242.3170629,0
84,50,44,25.48591986,81.40633547,5.935344406,182.6549356,0
81,53,42,23.67575393,81.03569343,5.17782304,233.7034975,0
91,50,40,20.82477109,84.1341879,6.462391607,230.2242223,0
93,53,38,26.92995077,81.91411159,7.069172227,290.6793783,0
90,44,38,23.83509503,83.88387074,7.473134377,241.2013513,0
81,45,35,26.52872817,80.12267476,6.158376967,218.9163567,0
78,40,38,26.46428311,83.85642678,7.549873681,248.2256491,0
60,51,36,22.69657794,82.81088865,6.028321558,256.9964761,0
88,46,42,22.68319059,83.46358271,6.604993475,194.2651719,0
93,47,37,21.53346343,82.14004101,6.500343222,295.9248796,0
60,55,45,21.40865769,83.3293191,5.935745417,287.5766935,0
78,35,44,26.54348085,84.67353597,7.072655622,183.6222657,0
65,37,40,23.35905428,83.59512273,5.333322606,188.413665,0
71,54,16,22.61359953,63.69070564,5.749914421,87.75953857,1
61,44,17,26.10018422,71.57476937,6.931756558,102.2662445,1
80,43,16,23.55882094,71.59351368,6.657964753,66.71995467,1
73,58,21,19.97215954,57.68272924,6.596060648,60.65171481,1
61,38,20,18.47891261,62.69503871,5.970458434,65.43835393,1
68,41,16,21.77689322,57.80840636,6.158830619,102.0861694,1
93,41,17,25.6217169,66.50415474,6.047906679,105.4654703,1
89,60,19,25.19192419,66.6902901,5.913664501,78.06639649,1
76,44,17,20.41683147,62.5542482,5.855442401,65.27798457,1
67,60,25,24.92162194,66.78627406,5.750254943,109.2162279,1
70,44,19,23.31689124,73.4541537,5.852607099,94.29712821,1
90,49,21,24.84016732,68.3584573,6.472523287,74.05474936,1
62,52,16,22.27526694,58.84015925,6.967057762,63.87020584,1
92,44,16,18.87751445,65.76816093,6.082973754,94.76189431,1
66,54,21,25.19008683,60.2001687,5.919045532,72.12375573,1
63,58,22,18.25405352,55.28220433,6.204747653,63.72358154,1
70,47,17,24.6129118,70.4162444,6.600827017,104.1626147,1
61,41,17,25.1420613,65.26185135,6.021902237,76.68456006,1
66,53,19,23.09348056,60.1159381,6.033550195,65.49730729,1
74,55,19,18.05033737,62.89366992,6.28886807,84.23613484,1
77,57,21,24.9321581,73.80435276,6.550563823,79.74078719,1
99,50,15,18.14710054,71.09445342,5.573286437,88.07753741,1
74,56,22,18.28362235,66.65952796,6.829199275,80.97573281,1
83,45,21,18.83344471,58.75082029,5.716222912,79.7532896,1
100,48,16,25.71895816,67.22190688,5.54990242,74.51490791,1
79,51,16,25.33797709,68.49835977,6.586244581,96.46380213,1
94,39,18,23.89114571,57.48775781,5.893093135,102.8301942,1
75,49,15,21.53574127,71.50905983,5.918263801,102.4852929,1
78,48,22,23.08974909,63.10459626,5.588650585,70.43473609,1
87,54,20,25.61707368,63.4711755,6.576418207,108.8303762,1
87,35,25,21.44526922,63.1621551,6.178056304,65.88951188,1
63,43,19,18.51816776,55.53128131,6.641906353,90.988051,1
84,57,25,22.53510514,67.99257471,6.489040367,64.40866039,1
64,35,23,23.02038334,61.89472002,5.680361038,63.03843397,1
60,46,22,24.89364635,65.61418761,6.625404348,87.9298085,1
98,44,21,25.77175115,74.089114,6.524478032,107.4931917,1
75,56,18,19.39851734,62.35750641,5.696205468,60.95197486,1
86,55,21,21.54156232,59.64024162,6.803931519,109.7515385,1
98,35,18,23.79746068,74.82913698,6.252797548,91.76337172,1
76,57,18,18.9802729,74.52600826,6.092725883,94.26249353,1
99,56,17,24.10859207,73.13112261,6.234330356,71.07562236,1
60,44,23,24.7947077,70.04556743,5.722579819,76.72860067,1
74,48,17,21.63162756,60.27766379,6.430616465,69.21803098,1
89,60,17,25.37548751,57.21025565,5.983952675,101.7004306,1
69,51,23,22.21738222,72.85462807,6.80163854,106.6213157,1
96,46,22,20.58314011,69.00128641,6.499936446,66.29390357,1
61,60,15,24.87502824,68.74248334,6.265564338,91.26056654,1
74,58,18,20.03728219,56.35606753,6.727303282,109.024141,1
74,43,23,25.95263264,61.89082199,6.325235159,99.57981207,1
63,43,17,19.28889933,65.47050802,6.807487794,71.3195307,1
99,36,20,20.57981887,65.34583901,6.671085817,78.34604471,1
77,36,23,24.71417533,56.73426469,6.648725327,88.45361858,1
87,60,23,20.27317074,63.91281869,6.439071996,62.50351892,1
60,38,17,18.41932981,64.23580251,6.474476516,76.41312437,1
94,54,17,23.39128187,61.74427165,5.871647806,107.3198135,1
95,38,22,19.84939404,61.24500053,5.730617109,100.7689246,1
84,44,21,21.869274,61.91044947,5.850439831,107.2681929,1
77,58,19,22.8056033,56.50768935,5.791649933,101.5952794,1
66,44,20,19.0781471,69.02298571,6.740000688,80.72515943,1
63,35,16,22.02720976,65.35549924,6.272417541,83.73280082,1
79,45,20,23.80546189,59.24537979,5.715208817,89.9622014,1
72,60,25,18.52510753,69.0276233,5.773454729,88.10234397,1
67,51,24,23.50297882,61.32026065,5.584171461,64.77791424,1
86,36,24,26.54986394,72.89187265,5.787268394,73.33636055,1
76,48,18,19.29563411,69.63481219,5.77597783,83.21030571,1
75,53,18,20.68899915,59.4375337,6.864793607,103.651438,1
81,45,23,19.32666088,68.034493,6.192360003,84.22969177,1
73,45,21,24.60532218,73.58868502,6.636803223,96.59195302,1
71,35,24,22.27373646,59.52193158,5.826426917,67.96704792,1
96,54,22,25.70196694,61.33450447,6.960358276,83.20711308,1
99,39,18,19.20129357,68.30578978,6.11275104,87.85092352,1
62,48,20,21.70181447,60.47470519,6.708446922,95.71388473,1
86,37,16,20.51716779,59.21235483,5.561510732,67.61013737,1
94,50,19,23.30355338,73.62548442,5.873242491,97.59081274,1
76,39,24,24.2547451,55.64709899,6.995843776,64.23845455,1
77,52,17,24.86374934,65.7420046,5.714799723,75.82270467,1
74,39,23,22.6265115,65.77472881,6.78073637,88.17251033,1
81,49,20,18.04185513,60.61494304,5.513697923,104.2321615,1
63,42,21,23.26237612,72.33125523,5.798423908,67.10225139,1
99,38,21,22.88330922,71.59722446,6.352471866,67.72777298,1
90,52,25,25.97482359,69.36385721,6.822586546,103.2234212,1
68,40,19,26.14384005,66.20569924,6.655426355,107.2361366,1
60,57,24,18.66116213,61.55327249,6.121294041,75.03247667,1
71,52,18,25.10787449,55.97732754,5.790770203,78.16077693,1
61,59,17,23.33844615,59.24580604,6.47444292,105.0083144,1
88,38,15,25.08239719,65.92195844,6.455116637,62.49190812,1
65,60,22,25.36768364,72.52054555,6.606984086,107.9124111,1
78,37,22,25.34217103,63.31801994,6.330554389,74.52082026,1
78,58,15,25.00933355,67.816568,6.528631266,62.91359494,1
92,60,23,18.66746724,71.516474,5.721667141,69.93293255,1
79,59,17,20.37999665,63.73849998,6.644205485,108.5054416,1
91,55,15,18.09300227,72.61024172,6.376651091,78.96159541,1
76,51,18,26.16985907,71.96246617,6.247040422,79.84925393,1
87,48,25,18.65396672,61.37879671,6.656730008,93.62039175,1
71,60,22,26.07470121,59.37147589,6.2048017,85.75692395,1
90,57,24,18.92851916,72.80086137,6.158860284,82.34162918,1
67,35,22,23.30546753,63.24648023,6.385684214,108.7603001,1
60,54,19,18.74826712,62.49878458,6.417820493,70.23401597,1
83,58,23,19.74213321,59.66263104,6.381201909,65.50861389,1
83,57,19,25.73044432,70.74739256,6.877869005,98.73771338,1
40,72,77,17.02498456,16.98861173,7.485996067,88.55123143,2
23,72,84,19.02061277,17.13159126,6.920251378,79.92698081,2
39,58,85,17.88776475,15.40589717,5.996932037,68.54932919,2
22,72,85,18.86805647,15.65809214,6.391173589,88.51048983,2
36,67,77,18.36952567,19.56381041,7.152811172,79.26357665,2
32,73,81,20.45078582,15.40312102,5.988992796,92.68373702,2
58,70,84,20.6543203,16.60820843,6.231049028,74.6631118,2
59,70,84,17.3348681,18.74926979,7.550808267,82.61734721,2
42,62,75,18.17912258,18.90426935,7.010570541,81.84997529,2
28,74,81,18.01272266,18.30968112,8.753795334,81.98568791,2
58,66,79,20.99373558,19.33470387,8.718192847,93.55280105,2
43,66,79,19.46233971,15.22538951,7.976607593,74.58565097,2
58,63,81,19.81344531,14.69765308,6.515499549,78.96514709,2
23,62,85,18.97424756,19.5161216,8.490127142,80.7108745,2
27,62,77,18.19737048,14.71070537,6.576415562,70.18185181,2
28,72,84,18.72963144,19.18197264,6.481783043,71.58010169,2
50,56,76,20.99502153,19.8601304,7.966605025,73.50734019,2
39,71,84,20.28155898,16.39535215,8.140825437,82.52339655,2
25,78,76,17.48042641,15.7559405,7.228963452,66.96980581,2
31,70,77,20.88818675,14.32313811,6.492546046,90.46228334,2
26,80,83,17.08498521,16.14565756,7.528599957,71.31007253,2
25,68,77,20.09340593,15.11279612,7.701446446,85.74904898,2
31,78,76,17.57212145,14.99927489,8.519975748,89.31050665,2
60,68,83,19.12065218,18.43475844,6.620900869,85.52950164,2
59,62,83,18.57665902,19.22008229,8.104396058,72.94940441,2
22,67,78,17.16606398,14.42457525,6.204090835,72.32667516,2
36,65,80,18.2872007,16.67921616,6.051091339,74.87445574,2
59,60,84,19.03025305,18.66725565,7.690962338,94.70992037,2
54,77,85,17.1418614,17.0662427,7.829211144,83.74606679,2
43,68,81,17.47809436,17.93253975,6.761599706,78.92060234,2
28,76,82,20.56601874,14.25803981,6.654425315,83.75937135,2
42,79,85,17.22385224,15.82069268,6.129533877,76.57580954,2
32,60,83,19.69141713,19.44225438,8.829273328,91.76071648,2
22,78,76,17.84851658,19.09172907,8.621662982,76.32470713,2
31,79,75,18.8202251,16.1074793,8.204862075,89.73119396,2
28,58,81,17.47500984,16.54314829,6.18042747,93.35034262,2
57,58,77,18.72649425,17.58406365,7.978996755,81.20176515,2
49,55,78,18.65580107,16.17772668,7.863113671,81.70769297,2
46,76,77,18.2356751,19.68538502,6.967843048,83.74879344,2
54,61,77,18.81198127,15.21618225,6.206582193,77.5429424,2
38,60,76,18.65054116,17.80852431,8.868741443,77.92798682,2
59,55,79,20.36720401,16.89574311,8.766128654,82.2545577,2
36,76,75,18.38120357,16.63805158,8.736337905,70.52056697,2
57,68,81,17.17012591,17.30457712,8.081095263,72.78624223,2
35,66,81,19.37101121,15.77458129,6.138243973,85.24819851,2
35,64,78,17.92845928,14.27327988,7.496645259,85.37378769,2
52,60,79,19.45339934,18.23490739,8.380185271,75.6317566,2
27,76,83,19.12829388,14.92241479,6.289614016,89.61857826,2
57,60,84,19.1034283,17.26184541,6.586777189,75.49101167,2
52,68,78,17.48504075,16.96070581,6.89655198,86.05078037,2
43,79,79,19.40751744,18.98030507,7.806747656,80.25064637,2
44,74,85,20.18649426,19.63719995,7.150681303,78.26039559,2
24,55,78,17.30287885,15.15405941,6.64919573,75.57790384,2
29,77,75,17.50361137,15.48083156,7.778591618,72.9446671,2
20,60,78,18.17234999,14.70085967,6.358740355,90.7760707,2
56,67,78,17.57445618,16.71826572,8.255450758,77.81891424,2
37,66,85,20.93175255,18.91295403,6.456148474,78.06910795,2
49,71,76,19.71098332,17.63879418,6.613072145,85.57925437,2
59,69,80,19.07937684,17.86754927,8.165359297,69.40619137,2
20,79,77,18.54988627,16.02542689,7.64867466,76.32565249,2
24,56,85,18.19903647,17.41333199,6.545888558,80.6405403,2
51,72,75,18.88852533,14.99451145,7.104224797,80.1113384,2
57,73,85,18.49311205,14.72115044,7.358099622,91.94595352,2
22,64,82,19.48974337,17.17260319,6.4740245,87.51312796,2
52,73,79,17.25769499,18.74943955,7.840339389,94.00287214,2
29,75,75,19.62416326,18.71483156,7.064790365,88.4585692,2
44,59,78,20.67526473,19.85388984,7.599033472,84.78344008,2
41,69,82,20.02381489,16.63294455,6.715587232,68.97806542,2
52,56,85,20.1187446,14.44228303,6.81712422,88.68168643,2
34,76,80,20.65691793,15.84572566,7.985417393,65.23811143,2
42,74,83,19.2582557,14.2804191,7.545258424,65.78042032,2
34,71,79,17.927806,15.85622899,7.728998197,74.63872762,2
27,73,79,19.16288268,15.83500655,7.354973451,82.69766829,2
30,70,79,20.26942271,19.96978871,7.313122235,69.64449182,2
57,57,75,17.09104223,18.25142068,7.785039076,87.27444866,2
27,79,82,17.06579293,17.54024066,6.307004923,70.87150577,2
32,71,85,20.62767492,14.44008871,6.403982316,92.06630306,2
31,76,82,20.8248451,17.85057083,7.599279991,79.20509212,2
33,75,84,19.46210401,18.72831993,7.217018459,68.81405149,2
47,80,77,17.18248372,16.42891834,7.561108006,72.85017344,2
54,62,80,17.48911699,16.39055394,7.489545074,79.45758333,2
47,79,78,17.48395377,14.76014523,6.609696734,65.11365631,2
35,57,83,19.48316794,17.44534641,7.476800943,80.4986291,2
53,73,77,19.71359733,18.09665739,7.325451279,73.64476535,2
45,61,78,19.48649305,16.06240074,6.489389282,81.5284269,2
37,78,79,19.95264829,14.82633099,7.786366322,88.6810311,2
30,75,81,19.41789736,16.80472243,6.408437886,68.4951189,2
37,55,82,19.45591848,18.02235902,8.423873703,78.44910564,2
53,65,76,20.19137759,16.41998269,8.719960893,77.33795356,2
22,60,85,18.8392908,14.74071856,7.811997977,94.78189594,2
60,61,78,20.71219282,19.83643308,6.317153205,94.03659867,2
42,67,77,18.99424448,15.9362937,7.114405288,78.69707199,2
39,76,76,19.96837462,15.57324389,8.135900726,69.15759062,2
35,63,76,17.81564548,17.60756635,7.714153038,90.82097601,2
30,65,82,20.71424384,15.27824066,7.103798069,76.77888672,2
57,56,78,17.34150229,18.75626255,8.861479668,67.9545435,2
48,65,78,17.43732714,14.33847406,7.861128148,73.0926704,2
36,56,83,18.89780215,19.76182946,7.4526709,69.09512477,2
40,58,75,18.59190771,14.77959596,7.168096055,89.60982451,2
49,69,82,18.31561493,15.36143547,7.26311855,81.78710463,2
13,60,25,17.13692774,20.59541693,5.68597166,128.256862,3
25,70,16,19.63474332,18.90705639,5.759237003,106.3598183,3
31,55,22,22.91350245,21.33953114,5.873171894,109.225556,3
40,64,16,16.43340342,24.24045875,5.926676985,140.3717815,3
2,61,20,22.13974653,23.02251117,5.95561668,76.64128258,3
26,65,22,17.84806561,18.77621951,5.949949081,143.0984171,3
17,57,21,19.88394011,20.31564139,5.789214289,60.91974792,3
26,80,18,19.32509638,23.3334788,5.581021521,104.7783947,3
17,59,17,18.4167001,23.42829938,5.689858133,132.9801054,3
27,59,22,21.81167649,23.20591245,5.794158504,130.0608093,3
28,58,24,19.72702528,18.28173015,5.748190463,143.7630894,3
25,57,19,17.15432954,19.87070659,5.566522896,87.99669731,3
28,80,17,19.62207826,18.67170854,5.809419584,144.1567454,3
25,60,22,21.63149148,21.17919701,5.887263027,134.3649948,3
12,78,23,16.06522754,18.72479695,5.99812453,88.06638775,3
6,77,25,20.61162204,24.36314135,5.792744849,69.63833855,3
22,79,17,21.42451099,20.39659714,5.912289889,116.5206923,3
27,80,15,19.07096165,21.21092266,5.788386951,86.21917578,3
10,55,23,21.18853178,19.63438599,5.728233081,137.1948633,3
23,65,20,23.0429097,22.42610972,5.833940084,108.3684316,3
19,78,16,20.65375833,23.10538637,5.967533236,67.71768947,3
19,65,25,18.09551014,18.29318436,5.625096446,144.7902323,3
22,70,19,18.23775702,21.07643273,5.515615023,69.44951585,3
37,64,22,17.48189735,18.8251973,5.954665349,121.9401369,3
11,71,17,19.9191786,21.47324158,5.74644777,82.68554379,3
18,79,20,20.27514686,23.2353604,5.877347515,139.7521543,3
21,63,17,15.77370214,19.2303162,5.979973965,108.3441414,3
24,80,22,16.71170642,19.17651433,5.635993966,96.77285817,3
34,60,22,17.66148158,18.15302753,5.635231778,100.6711761,3
16,75,21,18.50692825,23.61670065,5.679224346,87.0513289,3
17,77,23,24.51324787,20.81527638,5.670062975,64.19497947,3
37,72,18,18.87614998,24.54038287,5.724242065,105.4120514,3
40,73,20,21.59343016,20.31871249,5.811314232,61.13872036,3
9,77,17,20.12373284,24.45202552,5.783425416,106.158201,3
1,62,23,15.43546065,18.37477907,5.607808432,139.0302034,3
33,59,22,22.64236876,21.59396123,5.946999529,122.3886015,3
23,59,19,21.98560799,24.87304788,5.852046999,129.5650601,3
6,62,22,20.53052663,18.09224048,5.824090984,120.4509288,3
25,63,20,15.78601387,21.14544088,5.502999119,95.17028129,3
7,79,23,19.6365349,19.68751084,5.821649914,96.65888933,3
8,72,17,20.57341244,19.7520218,5.711439256,87.87869161,3
27,64,15,20.16080524,24.84207559,5.514927264,138.2362122,3
28,66,23,21.53989176,24.25386207,5.99616119,120.6913038,3
32,57,18,15.53834801,23.75560241,5.695422863,107.3850593,3
27,56,22,19.91853092,20.70099804,5.833010958,108.6434544,3
17,77,24,20.76952209,18.93146941,5.568456899,109.0193712,3
0,65,15,23.46168338,23.22197648,5.645435626,95.84253438,3
13,72,21,24.32116642,21.0278674,5.821194486,60.27552528,3
34,60,23,20.12574053,24.96969858,5.659254981,100.0497183,3
9,80,19,21.80619564,18.57086554,5.945465949,125.0972687,3
11,72,20,19.52226241,24.92607153,5.951177452,113.334026,3
3,67,24,17.00067625,19.90790546,5.520880014,103.2926407,3
35,69,23,16.78791503,24.96881755,5.578410206,75.45328039,3
3,77,25,24.84906168,22.89464642,5.608165195,62.21292186,3
23,62,19,16.51783455,20.4555596,5.609435128,98.77794225,3
22,71,17,18.15300153,19.38602098,5.509295379,107.6907964,3
31,79,25,23.18864385,22.3104551,5.902033406,63.38208822,3
34,59,18,23.38002569,21.98879437,5.744117663,87.66898664,3
12,63,17,18.358923,19.37703396,5.717143397,138.414764,3
27,56,20,19.25975367,20.51346956,5.542690119,94.9533526,3
7,63,24,22.95458237,24.03553105,5.858617867,107.7315386,3
24,67,22,20.120043,22.89845607,5.618844277,104.6252153,3
11,71,24,21.14011423,22.7182355,5.606620346,141.6056722,3
37,74,15,24.92360104,18.22590825,5.582178402,62.7089169,3
25,76,24,15.33042636,24.91506728,5.56503533,135.3315583,3
34,66,17,18.81097271,21.27833035,5.889614577,125.084915,3
20,69,15,23.44260668,22.77255917,5.934136378,107.4137246,3
37,65,16,22.8352024,18.97267518,5.683548308,63.59276673,3
18,74,15,24.9035819,22.27512704,5.70836603,146.4727237,3
4,67,25,23.78709569,24.35679348,5.948164454,119.6404412,3
37,56,25,22.05592283,19.60379304,5.774755144,126.7265372,3
5,59,15,18.87492997,20.18238348,5.97229163,134.1811718,3
11,61,21,18.62328774,23.02410338,5.532100554,135.3378033,3
22,80,20,23.00884744,18.86880997,5.669560726,100.118612,3
12,61,19,19.33162606,24.13995025,5.655726817,68.51253427,3
5,74,21,16.24469193,21.35793891,5.591704014,66.97053257,3
27,69,22,17.91652287,24.90814655,5.932323085,69.14681022,3
31,75,18,15.46789263,21.43780702,5.824208309,88.88796102,3
36,68,20,17.06104474,23.77201471,5.86442953,81.83420522,3
5,65,16,21.32776028,18.48522915,5.866744372,109.1013261,3
32,79,15,23.90910104,20.74619325,5.706198621,81.60211243,3
11,78,22,23.89756791,22.74378977,5.940546818,112.6616435,3
0,55,22,22.98666928,20.57940608,5.916779289,143.8584938,3
14,59,15,21.35135729,22.91244883,5.779090476,146.4548645,3
29,68,23,24.1638445,19.27907819,5.82738029,116.7324324,3
32,68,19,24.62835037,18.18325169,5.514234138,149.7441028,3
17,64,17,21.02213209,24.93896255,5.662699104,124.6118471,3
13,69,19,17.30844532,20.01730914,5.86390397,115.199245,3
14,67,22,23.82576704,24.75485098,5.624690248,84.64143632,3
9,69,20,19.30607278,23.96362799,5.591560999,129.3449326,3
20,73,22,16.03768615,22.33195853,5.976312538,130.3900798,3
40,78,20,19.18572809,20.83398341,5.669236258,80.15293435,3
27,72,23,19.92889503,21.79992115,5.961934481,64.02640797,3
14,67,15,19.56376468,24.67385131,5.690065688,139.2921004,3
7,56,18,18.31357543,24.32991649,5.698371311,76.14153904,3
27,65,18,20.10993761,23.22323766,5.59503163,73.36386477,3
30,63,16,23.60506572,21.90539577,5.525904526,100.5978728,3
37,70,25,19.73136909,24.89487354,5.819403771,84.06354115,3
27,63,19,20.93409877,21.1893007,5.562201934,133.1914419,3
22,60,24,18.78226261,20.24768314,5.630664753,104.2570723,3
3,72,24,36.51268371,57.92887167,6.03160778,122.6539694,4
40,59,23,36.89163721,62.73178224,5.269084669,163.7266551,4
33,73,23,29.23540524,59.38967583,5.985792703,103.3301803,4
27,57,24,27.33534897,43.35795962,6.09186275,142.3303677,4
10,79,18,21.0643684,55.46985938,5.624731338,184.6226709,4
30,75,25,30.33276599,42.35249879,6.446091759,149.299952,4
40,70,20,31.80130272,45.03186173,5.623490043,147.0361442,4
38,55,19,33.18184225,38.23184742,5.864623352,198.8298806,4
35,58,20,29.38538562,63.47742011,5.761702519,90.05422663,4
38,61,21,30.27374995,67.38680755,4.696518678,127.7767134,4
33,58,24,35.45790488,68.75810535,5.269504214,108.6333046,4
16,56,17,33.80020039,40.03262418,7.445444883,176.6165894,4
31,72,17,28.69180475,49.47225353,5.833031708,96.36222901,4
16,80,20,31.24021696,56.67369054,7.339320929,122.0146733,4
27,72,17,28.98039357,57.23265151,6.347929353,120.7435664,4
40,62,19,27.32198928,34.13737127,4.697750704,96.51524028,4
18,58,16,21.47607807,38.80023714,4.962661422,180.382234,4
3,68,16,18.31910448,34.69776639,4.964887857,107.4721605,4
26,67,24,36.97794384,37.73992903,5.642813116,161.4812963,4
16,70,20,24.80467592,40.1242747,5.6093956,121.5639121,4
24,63,19,19.3479443,55.96805489,4.681576043,194.5921148,4
9,76,25,28.88302142,50.12323801,5.70951224,179.2155874,4
16,55,19,19.54314136,47.19188279,6.413543781,192.4372194,4
28,75,21,24.7741949,50.54621094,6.007508163,114.2821387,4
16,71,24,18.33124824,38.40975482,4.946369874,139.6483317,4
24,70,21,19.14729038,45.3733757,5.517208078,132.7748215,4
38,72,21,28.23416057,49.4421345,5.902103172,186.5008581,4
9,66,21,30.11812084,34.13307843,5.719889876,157.0858232,4
34,56,17,33.4126864,35.42910045,4.548202098,139.6702541,4
1,76,19,24.18553163,46.68746847,6.669529416,177.3377996,4
6,69,19,26.88630675,41.69617915,4.750929218,94.46748008,4
26,73,21,31.33170829,57.97429171,4.946263888,161.7820226,4
27,61,18,33.30711818,67.07780816,5.266227032,108.5090168,4
27,71,23,23.45379018,46.48714759,7.10959773,150.8712202,4
36,61,21,34.53823889,39.04468913,5.617008201,168.5948318,4
17,73,18,19.50112224,34.51086611,5.632353113,197.3752649,4
26,72,22,28.76794904,37.57792132,4.674941549,91.72084869,4
17,64,16,30.97758716,32.24914235,7.161797643,180.716828,4
14,74,19,18.39759147,36.82639309,6.624966131,93.12330644,4
39,60,15,35.09357419,30.98685456,5.004074624,116.9106908,4
6,66,15,34.93174223,30.40046769,6.345806011,159.2649827,4
8,59,18,29.50523036,35.72032498,6.216814453,187.8961851,4
2,67,18,34.51934775,47.52980027,5.921666758,129.0064612,4
1,76,17,28.43430726,52.10010827,6.012719118,147.0414824,4
16,73,19,18.41645629,34.80541039,4.684079249,163.2747473,4
23,75,25,31.07508973,47.19847683,7.077170002,91.31256412,4
32,70,20,20.89342749,46.24856523,6.208843215,195.5697875,4
28,59,22,30.90607799,52.79913039,7.05181629,170.9919828,4
5,62,23,27.9348279,66.45457122,4.722222454,145.3728801,4
36,67,25,35.95176642,36.52780776,6.418062652,136.0456753,4
1,66,23,19.54317155,56.92831399,4.803564468,173.1686574,4
24,73,20,19.63736208,32.31528909,4.608695247,176.4134092,4
17,67,18,31.2192752,56.46868874,5.611510977,129.2028653,4
5,55,18,33.50876355,45.70976142,7.322097972,126.6738117,4
5,56,24,24.80710166,45.01110015,5.023115055,188.4928637,4
37,77,17,36.20970524,31.94550613,5.617122801,191.0658531,4
13,73,20,30.50420876,35.48885969,5.391560418,162.5927723,4
6,63,23,26.01630259,49.94704718,5.906596905,160.3337447,4
16,77,22,31.48469278,35.6395615,6.574209678,100.546816,4
25,64,20,33.15122581,32.45974539,4.807776749,105.0380275,4
34,75,24,23.50222822,51.29019509,4.760038039,192.3023991,4
20,77,23,34.87248659,38.83786012,5.180271502,148.2502786,4
35,80,25,28.09269012,44.93322042,4.895927306,197.1144011,4
14,75,24,24.54757829,57.3414485,6.436160044,118.3606557,4
36,80,21,33.64769646,48.41490082,7.066087261,100.4673278,4
7,77,18,20.5591255,60.54880693,6.655918078,191.0895109,4
29,78,25,19.95991719,59.33157782,5.982854523,195.787103,4
30,60,21,28.87667593,62.4901206,5.457871273,182.2688175,4
20,74,16,36.04353699,43.61444121,4.759490199,159.8938645,4
19,57,23,23.6734328,47.2879691,7.342409555,141.1250722,4
3,60,19,25.74679443,40.7192594,4.820788186,100.7791633,4
5,77,19,31.08564994,66.68832981,6.242052013,175.9303271,4
5,68,20,18.72987676,61.33186249,5.001038726,139.8710041,4
37,73,21,29.50304807,63.46513414,5.560224583,189.5208915,4
9,59,24,20.43517772,39.37252634,4.747352458,137.2279662,4
20,72,15,36.00415838,56.01334416,7.313517308,134.8596466,4
31,56,23,31.46846241,35.39454002,5.661826398,174.5723999,4
0,70,21,36.30049702,56.03021253,4.672437054,101.6073988,4
21,74,15,29.49096726,67.10604388,6.471862118,153.2504506,4
13,67,18,30.5753044,34.75591197,5.384762927,177.5764304,4
27,74,20,24.69487673,59.96669215,5.859813416,91.95792434,4
29,72,24,23.17409556,36.67847052,6.962386495,162.5931264,4
5,68,20,19.04380471,33.10695144,6.12166671,155.3705624,4
39,57,19,29.32379604,45.93248374,6.421748487,165.4113371,4
22,62,16,34.6455408,54.32342534,4.828936119,180.9009998,4
18,55,23,21.9989826,56.31006755,6.98571967,136.8274312,4
39,77,21,22.99774444,60.24218572,4.603563116,159.689339,4
13,75,20,30.55992394,35.29006485,6.979540061,178.8998611,4
27,71,24,31.46417866,48.17631461,7.064973419,165.405354,4
26,64,22,25.95058595,40.58227261,5.16516459,109.1821183,4
23,55,16,21.01142393,69.69141302,5.111488821,185.2039114,4
4,69,19,19.25100056,47.70351758,5.374358869,149.063196,4
20,67,19,19.24462755,50.54495302,5.671419084,180.6465282,4
7,74,17,22.47253208,62.56532471,5.667419697,96.74706956,4
17,64,18,36.75087487,58.25799145,6.07938452,124.6028153,4
35,71,17,29.89286629,66.35375127,6.931924963,198.1403003,4
11,72,22,29.37735586,44.82294584,6.842744374,172.40168,4
20,60,22,29.65052947,42.89833235,6.876572503,186.9226052,4
10,71,18,19.54284889,66.34777265,6.151029296,173.1106982,4
33,61,24,20.04611791,48.93905624,4.567446499,122.4564203,4
3,49,18,27.91095209,64.70930606,3.692863601,32.67891866,9
22,59,23,27.32220619,51.27868781,4.371745575,36.5037914,9
36,58,25,28.66024187,59.3189118,8.399135958,36.92629678,9
4,43,18,29.02955344,61.09387478,8.840656256,72.98016599,9
29,54,16,27.78031515,54.65030015,8.153022903,32.05025323,9
32,43,22,31.99928579,54.1077461,5.270749441,71.6266696,9
14,55,15,27.33580911,55.27755933,8.050304395,73.44775287,9
5,35,20,28.92952635,53.57014709,9.679240873,66.35634104,9
25,57,24,27.65472156,58.59986279,6.974978386,36.94255012,9
11,53,24,28.52396666,55.77264351,7.39389918,61.32935611,9
40,49,17,31.02215872,45.89239456,6.68727523,53.56783314,9
38,56,25,25.74095321,45.38497051,7.88118645,67.43488235,9
27,43,23,31.70447482,56.85420099,5.875333778,44.94317432,9
24,38,22,24.47876451,58.51663927,8.202706015,34.96933295,9
23,45,21,31.46511256,51.79939437,8.985348193,74.44330654,9
29,57,20,25.60973447,50.7330069,5.87707519,53.39249517,9
31,35,23,30.30260453,47.18283631,7.707595055,68.04039813,9
0,55,25,28.17489437,43.6672299,4.524171562,45.78172762,9
7,45,22,25.50634557,44.8302551,9.926212291,74.32635105,9
17,58,25,31.12896766,43.58788762,6.455592696,32.76742894,9
11,44,17,26.34043268,55.59160391,8.016210782,35.1051197,9
22,49,22,28.23494706,61.5620517,3.71105919,72.66666443,9
9,51,19,27.04453473,49.32609633,5.49091063,48.25207759,9
28,48,15,25.16125354,55.25435777,9.254089438,40.89732789,9
26,50,19,27.3179125,51.66921088,6.005242945,32.55919573,9
36,56,20,25.4123765,49.66474269,7.437078236,31.87416982,9
8,60,18,31.21629982,46.01868196,3.808429173,53.1205277,9
24,37,21,30.573999,58.22686794,5.818219385,62.74803826,9
22,43,24,25.42517036,53.2208266,4.52363558,46.19374559,9
36,43,24,27.09400578,43.65305437,3.510404312,41.53749535,9
22,44,24,24.30935081,56.32938343,6.030447288,58.99536268,9
17,43,22,30.06142622,45.90067655,5.498340808,41.0550915,9
8,45,15,28.09568993,60.9835384,4.61136408,33.84110759,9
7,56,23,26.33908791,40.00933429,5.545219232,55.50429227,9
36,57,16,28.61409059,57.14218792,8.292875734,57.02891698,9
11,45,19,28.70012137,44.359648,3.828031463,44.11622138,9
6,36,22,24.21610338,59.79236306,8.869532817,42.24783476,9
17,57,20,28.50677929,45.20094476,3.793575185,66.1761456,9
4,47,20,25.97948991,64.95585424,4.193189124,72.19245835,9
9,49,16,30.88482722,41.36561835,7.661537348,55.053805,9
25,51,24,25.5042419,61.66852372,9.392694614,65.07981523,9
36,44,21,25.12528913,51.33189406,4.516154055,38.48678973,9
21,38,20,27.10508014,63.56791363,5.794289715,62.20279647,9
37,57,20,31.1006247,44.82069159,7.354286985,70.79934452,9
32,48,18,26.45707778,56.40226277,5.993513566,64.16167699,9
29,44,20,30.04132304,63.56222995,8.620107545,31.83192392,9
25,51,18,27.77799528,54.82130787,9.45949344,50.28438729,9
10,44,24,30.99256944,43.02151392,8.0344125,58.27600682,9
23,35,18,26.4908332,47.36534833,5.414492777,36.99362831,9
9,60,23,31.96987867,57.17377029,6.276004336,64.25520357,9
3,58,21,25.36140526,46.82652785,9.160691747,55.60523179,9
22,42,22,25.54249137,56.96640758,7.887658711,48.46797044,9
12,39,21,28.99319096,62.85948245,8.183844843,70.4713043,9
39,36,22,29.34317422,60.50320928,9.072011412,34.03335472,9
32,41,16,28.63618921,61.39451307,7.702287236,68.54877876,9
30,41,15,24.83206631,44.17085032,5.88509677,52.0810886,9
19,36,22,25.44689075,58.55363573,6.16496284,57.04826619,9
4,46,15,31.01274943,62.40392519,3.504752314,63.77192383,9
21,39,20,27.06179658,52.3003173,7.388007483,60.74583498,9
35,57,25,27.0956288,42.26206161,8.340398059,71.1271039,9
22,55,24,28.56800579,57.30636014,8.66077954,64.53027638,9
35,51,17,28.79929247,49.84213387,3.558822825,40.85534718,9
17,56,17,27.94293692,45.41393636,5.9565851,69.66289997,9
28,57,17,30.47757686,61.58245338,9.416003106,61.86633917,9
22,36,16,30.58139475,50.77148138,8.18422855,64.58559639,9
11,41,19,26.85911286,41.81420849,5.131779302,44.13827124,9
38,38,18,26.31051759,61.18749126,6.294130313,35.73403813,9
23,37,24,28.77833449,44.2252605,7.991902443,33.95825723,9
25,35,20,28.90245417,43.35365671,8.923095695,71.90018566,9
40,45,20,29.37687468,57.69622912,6.878498176,38.34303462,9
23,58,19,24.17093241,58.25204566,5.243634849,59.18953429,9
2,56,23,26.65333029,59.79023382,7.550090941,36.91852635,9
3,56,17,28.19912143,53.50567601,8.709291688,52.13580529,9
26,51,25,28.76488954,52.62741529,7.792508068,55.21606732,9
39,42,20,29.3499706,61.25353851,8.055908858,40.82840673,9
27,59,20,28.00937423,52.60950014,4.397698806,36.01203025,9
24,45,19,26.85851927,48.8246387,5.952384957,34.7426459,9
7,40,17,31.2123945,40.92604945,8.532078733,53.78769958,9
15,45,23,24.20422636,61.43378674,7.224193642,46.0203959,9
26,52,23,29.98835437,49.60384796,4.931890506,52.92929636,9
20,45,16,29.93964907,54.61813464,4.626212446,45.43669946,9
34,54,24,31.2119298,41.55934359,5.026003659,68.80141783,9
19,51,25,26.80474415,48.23991436,3.5253661,43.87801983,9
29,41,21,31.49398069,62.84916863,8.86979671,64.56807592,9
20,50,22,30.99694676,46.42693735,9.406887533,38.31597852,9
11,40,23,29.61253065,63.04749127,5.80428611,50.1978269,9
15,54,15,29.97604322,57.03184356,8.35495812,44.86052932,9
35,55,22,30.88883074,52.62696801,8.634929739,55.51932414,9
9,59,25,30.39321309,60.16299493,7.699200949,35.37493212,9
40,45,18,30.43683729,55.20522037,5.261285926,30.92014047,9
35,38,19,25.32688786,63.18180319,9.112771682,32.71129281,9
14,58,17,30.53684308,59.96664731,4.605700542,33.48919022,9
40,55,18,30.38257873,40.5926071,7.115994051,47.95406479,9
18,36,23,24.01825377,53.76623369,7.214078621,35.03404425,9
35,52,15,28.69841277,61.14754363,9.93509073,65.67591794,9
4,59,22,29.33743412,49.00323081,8.914074888,42.44054315,9
22,51,16,27.96583691,61.34900107,8.639586199,70.10472076,9
33,47,17,24.86803974,48.27531965,8.621514073,63.9187654,9
2,51,17,25.87682261,45.96341933,5.838508699,38.53254678,9
16,51,21,31.01963639,49.9767522,3.532008668,32.81296548,9
19,55,20,27.43329405,87.80507732,7.18530147,54.73367631,5
8,54,20,28.3340432,80.77275974,7.034214276,38.7976407,5
36,55,20,27.01470397,84.34262707,6.635968698,55.296354,5
10,56,16,28.17432665,81.04554836,6.828187499,36.35720652,5
22,56,17,29.87888063,87.32761241,6.89077995,44.75215854,5
9,57,24,29.89232778,89.71503316,7.165121109,42.99498978,5
34,59,23,28.56212158,83.24855855,6.935804256,56.48265193,5
31,51,25,27.53592929,85.5701901,7.196774236,53.01899249,5
0,49,18,29.68361658,87.93598094,6.990095452,41.82490236,5
21,39,20,28.14448546,82.1193047,7.064782138,46.75690086,5
28,35,22,29.53037621,86.73346018,7.156563094,59.87232071,5
17,52,17,27.88352946,86.45147631,6.364967184,44.64407105,5
24,42,23,28.22471276,82.35916228,6.428054409,44.01206619,5
28,46,16,29.008124,84.96089355,6.664187809,45.91011391,5
21,38,21,29.75538903,86.45193297,6.637677489,37.54602719,5
34,60,25,29.78416743,85.16906976,6.79385576,40.77872823,5
19,53,22,27.8640132,80.4513142,6.852884643,42.83053902,5
31,58,15,27.11026483,84.96771717,7.121571293,51.52617423,5
19,35,24,27.11030369,83.64274107,6.883308033,49.11964582,5
24,53,17,28.95451232,89.07866095,6.421271178,57.65901369,5
13,47,20,29.21780035,87.93724219,6.54450214,43.1386631,5
31,53,16,28.7420098,85.81675947,6.452006451,48.54598575,5
28,45,23,29.65021184,80.29868321,6.489259136,56.76278363,5
31,37,21,27.23924995,86.404241,6.713410626,37.31236904,5
33,60,15,28.95172351,81.67085323,6.510840928,56.51103293,5
34,45,21,28.18837136,82.60629652,6.287380117,37.01110438,5
13,57,25,28.30041493,86.20681554,6.86308576,50.47333854,5
33,57,17,27.89636126,88.71782287,6.78415271,57.79863368,5
32,57,22,28.6899851,87.50436797,6.769415888,44.56598352,5
23,59,25,27.8262623,88.73100226,6.320768488,56.68833819,5
35,41,18,28.70562673,81.59200689,6.705008504,59.87065439,5
6,48,24,28.6362812,84.61431076,6.790736339,48.48319335,5
29,36,25,28.28511547,88.4393979,7.130278657,48.56690235,5
4,36,22,27.60887393,86.13316408,7.012740397,43.80041104,5
10,59,22,28.60901145,86.99495766,7.155685016,36.94616965,5
14,48,21,29.24598976,84.80084105,6.991242362,53.43228915,5
8,50,21,28.62911222,89.1148059,6.218923893,50.49913241,5
20,40,15,29.57329479,88.07505524,7.199495368,45.04467075,5
36,43,22,27.82684262,87.16679147,6.389882166,58.37249772,5
14,57,15,29.8757015,83.14796296,6.623438282,40.12044158,5
11,60,23,27.33684386,88.50229102,7.033012777,51.09802625,5
10,59,15,29.83040388,89.30428305,6.32400451,58.86687093,5
7,60,25,28.2753171,82.76020821,6.397636709,56.04995423,5
2,47,15,29.86860065,85.99127934,6.401455706,58.41394143,5
20,45,22,29.5888162,89.9939693,6.904587016,54.96121262,5
2,39,15,28.07219563,82.9116472,6.478557136,49.61865305,5
27,40,24,27.84026517,89.99615558,7.063022095,52.84626009,5
35,48,15,27.10818093,87.4512669,6.981758362,55.03723979,5
4,59,25,27.68515114,81.94268594,6.227134139,54.62243308,5
1,48,24,29.34594634,85.60472562,6.232836962,59.03629954,5
36,43,21,28.36319404,84.8593608,7.140437859,52.93031105,5
11,46,24,27.65280218,89.80650642,6.459252023,56.52558045,5
34,47,19,27.31372793,85.44815232,6.568795404,53.15223123,5
21,44,18,27.06909959,86.89934108,7.12851089,50.46746116,5
17,58,20,28.06642822,85.91625451,6.42937879,39.23831035,5
25,40,21,27.73329078,81.13903037,6.248900919,44.17580911,5
2,38,18,27.53632932,89.92908171,6.619891498,45.48591922,5
9,48,20,29.66461594,84.28187572,6.377568542,56.09542002,5
37,49,25,29.9145443,85.85384444,6.415459592,41.39081525,5
36,38,15,28.36363858,87.59810657,6.320662012,57.99524359,5
40,58,15,29.46416042,87.60890009,6.978400282,43.15411472,5
30,44,16,29.73013036,82.89166381,6.442335593,50.91511275,5
1,59,23,27.46852989,87.17649,7.184398832,43.78420984,5
9,48,22,27.77076285,87.09979549,6.402926221,49.50812624,5
14,41,17,29.12939524,88.48312598,7.085982325,36.45012824,5
35,52,19,27.10606808,89.89593328,6.698574085,37.45680611,5
31,48,17,28.88078945,86.94206817,6.594739424,53.79732545,5
4,41,20,28.14720892,83.8001509,6.647965508,37.44800463,5
30,37,25,29.89129144,80.14487166,7.120032489,54.7960127,5
9,35,20,27.41503453,80.98004661,6.91380932,40.53173216,5
20,41,20,29.27308605,89.4875022,7.073048264,50.9246554,5
37,50,23,29.65296893,88.48587386,6.5304707,56.01913159,5
34,35,21,28.44524991,82.67639542,6.684381357,58.18713162,5
14,37,15,27.96235681,83.97586797,6.581351374,48.9366954,5
23,39,22,29.25649321,81.97952224,6.86483915,42.02483277,5
5,45,21,28.36291385,88.00989267,6.487124217,43.05130077,5
22,37,20,27.62749466,86.49366929,6.605733068,39.26137642,5
40,51,17,28.66086349,86.12194568,6.860602782,50.01534317,5
27,56,20,29.2114218,87.11497805,6.41874299,51.53848218,5
31,40,22,29.40889385,86.16063492,6.365513634,53.35486977,5
38,36,21,28.02952623,84.8845732,6.556372966,36.12042927,5
6,37,17,28.08657178,80.35005927,6.760694228,38.14476781,5
6,47,18,29.16174608,80.28038146,6.715276663,40.16545979,5
24,44,17,29.8596912,80.03499648,6.666380512,50.66487502,5
25,59,19,29.06631494,83.6869203,6.626629798,43.95183726,5
32,56,21,27.38538997,88.66663953,6.702772465,58.29933073,5
8,45,18,27.93034941,85.42058715,7.011030515,43.25095608,5
19,39,17,29.2808618,81.8009244,6.890156495,44.47427436,5
39,37,15,28.9973145,83.78911515,6.821747052,59.84499208,5
33,37,19,27.92678579,86.5543196,7.183189922,43.4826194,5
26,54,17,28.5474135,88.9570454,6.27258822,49.4897245,5
21,51,15,29.36488409,89.1886954,6.679127482,48.30159325,5
22,54,20,28.56149805,83.63802195,6.689825155,41.013132,5
29,45,16,28.43683487,87.91332682,6.583381939,43.12063289,5
4,40,21,28.79728147,80.45744422,6.725551062,44.30070517,5
10,37,22,28.7275267,89.12760359,7.069747814,58.52974279,5
4,44,19,27.95639663,83.52706038,6.921993878,43.25726752,5
20,45,17,28.17458662,83.69659318,6.770955317,37.2464655,5
23,45,23,28.77653519,86.69133979,6.983130466,56.12443206,5
25,48,21,28.438097,83.48991368,6.267684328,52.55469976,5
56,79,15,29.48439992,63.19915325,7.454532137,71.89090748,6
25,62,21,26.73433965,68.13999721,7.040056094,67.15096376,6
42,61,22,26.27274407,62.28814857,7.418650668,70.23207557,6
42,73,25,34.03679184,67.21113844,6.501869314,73.23573601,6
44,58,18,28.03644051,65.06601664,6.814410928,72.49507741,6
50,55,16,28.81460716,65.33538112,7.581442888,62.26242533,6
35,72,21,34.03619494,64.28791388,7.741418772,66.85510868,6
30,64,20,33.8642935,61.57072498,6.573531614,68.02199825,6
27,64,21,32.84213012,68.68401492,7.543804223,73.67166182,6
50,74,17,27.10053268,63.36085585,6.5408208,73.84949872,6
39,73,24,25.65842532,61.18235808,7.22405917,69.28607828,6
57,67,25,32.34744009,66.61452812,7.551364319,64.55882254,6
52,63,19,29.58949031,68.32176769,6.928898659,67.53021213,6
55,66,22,30.91219459,68.79427388,7.747775263,66.63830637,6
51,56,18,28.12787838,64.2097765,6.706505915,70.86340755,6
36,66,15,30.08545364,69.34811988,6.668238556,67.1367443,6
59,55,19,31.74379487,62.51007687,7.332375138,68.97097538,6
50,58,23,27.81326852,62.50460464,7.596802025,69.75555541,6
30,65,25,32.88733849,64.59457409,7.70650895,71.50569456,6
20,62,18,29.36358721,64.98742947,7.366542647,61.91208707,6
58,71,15,27.82592799,67.5861883,6.919243702,74.01229707,6
25,71,24,28.49538735,60.44848407,7.187721818,74.91559514,6
52,71,16,27.74274761,68.53997144,7.075886472,71.78615328,6
40,63,18,30.41588462,67.66323804,6.74441168,63.02473185,6
20,60,25,27.3254209,69.09047809,6.726469088,61.19250859,6
48,61,21,30.28496619,61.69295127,6.628264883,65.62859526,6
49,68,22,28.56840626,61.53278622,7.127064207,63.49726331,6
48,62,15,25.36586097,66.6379724,7.538631462,65.81655892,6
32,66,17,34.9466155,65.26774011,7.162357641,70.1415139,6
21,63,22,25.09737391,67.72837887,6.859409487,74.61649888,6
20,72,19,32.47648301,64.34848735,7.397190844,65.820457,6
25,65,21,33.86351172,68.59232289,6.880245789,69.24464096,6
41,78,21,25.19857725,60.37332688,6.581313137,70.88787207,6
53,67,17,31.77681682,69.01852894,7.296972161,61.46892873,6
39,60,21,34.89814946,63.59948557,6.97297656,64.72797143,6
25,76,17,31.74105409,68.63525428,7.241148507,62.3061735,6
21,78,19,27.16159076,66.76017239,6.92009048,69.85112265,6
57,60,17,26.23773129,67.88521396,7.504608385,73.58663968,6
56,75,15,30.20157245,60.06534859,7.152272256,66.37171179,6
49,72,15,31.55846339,67.83563765,7.137004749,74.86960831,6
24,80,19,29.67892453,69.0854554,6.808041722,65.66436565,6
49,76,18,27.05365239,67.7017527,7.393631868,60.4693835,6
28,68,19,34.63880966,61.38597868,7.69950698,72.43169115,6
55,78,21,33.39438752,62.93692886,6.602888249,63.57445989,6
50,64,25,28.84079155,63.37230676,6.734447425,70.25496749,6
34,80,19,31.49338309,63.0563645,6.521217963,71.48327008,6
20,68,23,25.54960633,63.95425534,7.707332484,63.1830529,6
55,67,16,34.37329112,69.69366426,6.596719015,70.27184748,6
23,70,15,34.6008247,63.11296779,7.403623355,60.41790253,6
53,74,15,29.43463808,64.94329356,7.517097,72.17818157,6
26,67,16,29.10713092,67.90577375,7.17620823,67.83345933,6
33,80,22,28.57006111,65.71765781,6.593961761,70.0866434,6
37,79,19,27.54384835,69.3478631,7.143942758,69.40878198,6
33,75,21,33.04687968,68.93875631,6.690655045,62.30278274,6
22,55,20,33.95309131,69.96100028,7.423530351,61.16350463,6
20,68,17,30.11873003,60.11680815,6.578714843,71.72980375,6
43,68,20,29.57812712,66.17587668,7.497469256,69.43895491,6
44,76,22,27.26458947,68.01232937,7.775306272,68.91754359,6
34,60,16,31.35730791,64.24992106,7.322555223,63.85668948,6
21,72,17,31.52104732,66.55723677,7.580527339,61.71111448,6
25,68,19,29.39982732,64.25510719,7.108450121,67.47677295,6
41,62,15,29.38400259,64.14928485,7.358974541,65.24194361,6
28,65,23,28.38686534,61.88871127,7.405176138,74.24459122,6
35,64,15,28.47442276,63.53604453,6.500144962,69.5274407,6
52,58,16,30.64095781,61.14508627,7.167435834,71.36947525,6
58,75,25,25.25596239,61.36669662,7.261791753,68.64685069,6
34,66,19,32.97030511,60.18122078,7.586642101,73.44678678,6
52,70,16,33.66855394,66.60416867,7.534811833,67.32520551,6
23,57,19,32.83963757,67.99803573,7.251000789,73.40452716,6
42,58,25,27.45853567,62.90020977,6.513620918,69.46020927,6
37,62,17,25.68576704,69.84354028,7.121254928,74.62068748,6
44,75,22,30.0328403,64.14800537,7.574561547,71.21006868,6
21,80,20,28.20667264,68.27085245,7.350869792,64.32887142,6
56,76,16,28.27265858,61.18956161,7.513151076,63.29900785,6
29,76,15,28.5417236,64.2020154,7.025607706,69.68862306,6
43,61,20,26.87187036,61.61367264,6.804253866,63.51822045,6
55,60,15,32.79766751,68.77994074,7.163043872,64.11411069,6
44,63,15,26.42333018,64.51136845,7.338929556,63.46546487,6
29,67,21,29.79181107,63.38789228,6.621323612,63.02169909,6
47,63,16,27.44003279,67.10464369,6.661870999,72.50669768,6
40,68,17,34.1262979,65.14877461,7.733149554,70.40795007,6
58,61,15,30.94908189,64.23364112,7.402891666,62.78730907,6
41,74,18,28.75751783,61.02701476,6.599147298,73.37686831,6
58,79,17,27.24766491,66.10123083,7.04174124,62.31842057,6
27,62,24,28.63005477,66.770943,7.353876754,62.2737345,6
27,60,17,26.41768321,63.64698302,7.026795359,64.42177127,6
52,65,20,32.81705216,66.15665137,6.814301033,68.83924882,6
44,55,25,29.6321052,65.91359954,7.42160832,71.16331975,6
21,62,24,33.49077065,62.73317204,6.847382891,65.45328463,6
60,59,22,31.86847286,66.74217464,7.191522601,74.22238583,6
33,77,21,30.32992227,65.62971858,7.01285529,71.64631281,6
59,58,17,28.546224,66.31394098,7.368318809,62.83469851,6
29,63,17,30.02629908,67.88811637,7.26154329,66.47264636,6
59,63,18,31.65531175,60.13263713,6.52669158,66.69096751,6
29,70,15,30.33499674,63.54718862,6.872594461,74.16699119,6
58,73,16,33.36984395,65.67718163,6.874142175,64.89517488,6
42,79,23,27.71678273,63.29103387,6.781841984,68.56507978,6
44,77,21,32.63918668,61.3009051,7.326980454,61.83876146,6
38,62,25,32.7477393,67.77954584,7.453975408,63.37784443,6
32,76,15,28.05153602,63.49802189,7.604110177,43.35795377,7
13,61,22,19.44084326,63.27771461,7.728832424,46.83130119,7
38,60,20,29.84823072,60.63872613,7.491217102,46.80452595,7
11,74,17,21.36383757,69.92375891,6.633864582,46.6352865,7
37,71,16,26.28663931,68.51966729,7.324863481,46.13833007,7
29,71,18,22.17499963,62.13873825,6.410441476,53.46622584,7
2,72,18,26.57597546,60.97876599,7.836719564,50.89110726,7
6,59,21,26.58972517,66.14007674,6.139215944,50.90994463,7
13,64,20,19.1345771,62.57526895,6.590571088,36.46946971,7
8,58,17,28.75273118,69.15640149,7.286049978,35.15426171,7
6,77,20,25.78746268,60.2816298,6.058306161,49.14337177,7
2,75,22,23.89271875,61.78779413,6.658605362,52.55730112,7
3,69,23,28.67408774,63.18832976,7.299360767,42.96018627,7
27,80,24,28.42062847,61.77336343,7.815210661,49.02366803,7
39,78,15,21.35499456,62.60136323,5.925391795,41.78219834,7
40,79,17,21.12695586,63.18738532,6.403683619,38.71834464,7
37,62,22,24.02037872,61.62313345,7.397546271,49.78102578,7
31,60,24,25.40474421,65.8567539,7.722335992,51.92057267,7
22,67,22,29.03017561,64.49166566,7.475926645,54.9393771,7
3,78,18,20.21368219,68.65257685,6.887130053,50.89732989,7
4,80,16,29.19585548,68.01965728,7.441976825,44.93261911,7
13,61,24,18.29783597,69.6897615,7.629910253,49.39111479,7
12,66,20,27.41434987,63.41785982,7.336117221,44.43177543,7
4,61,21,24.84063998,60.09116626,6.75020529,48.77790371,7
9,60,21,29.94413861,67.31323084,7.52178027,40.37113729,7
18,66,22,25.87990287,67.55109024,6.347379185,47.89645224,7
32,56,18,20.0467711,65.84395319,7.135251532,46.05333124,7
6,72,15,22.99451999,66.70897237,7.670178119,54.49044154,7
15,77,20,25.13163619,66.92642362,7.399749291,49.04015558,7
0,65,24,28.49584395,62.44616219,7.841496029,53.14531023,7
30,79,22,18.28766124,69.48515056,6.254216611,48.60449438,7
3,63,16,24.38041875,61.18458224,6.868881708,53.13946695,7
2,78,23,21.31852148,66.43934593,7.320514721,45.42616802,7
10,78,18,18.54141834,62.70637578,6.296976913,44.07819743,7
14,67,25,25.28710601,60.85993533,7.241151936,49.37369982,7
39,65,23,25.43459777,69.12613376,7.685959305,41.02682925,7
19,72,15,28.83600962,69.76112921,6.890760124,44.08562546,7
18,57,21,27.37659643,63.93927841,6.155915975,49.47371773,7
31,58,15,28.31886863,60.19461399,6.167855382,45.36521251,7
28,58,25,27.4818649,62.04814951,6.861640036,37.81123974,7
5,65,19,18.28072173,68.10365387,6.978361689,48.80253285,7
16,65,19,27.61204997,69.29786244,7.043160241,42.72374404,7
34,65,19,23.43974653,63.22011726,5.94239222,45.40277297,7
14,69,19,20.95628486,63.68128841,7.239455147,52.39881209,7
22,55,16,23.7937153,68.03209183,6.516317561,49.73922097,7
24,61,17,22.6371424,65.44544859,6.233269045,38.30411077,7
2,79,15,21.53577883,65.47227704,7.505283615,35.75107592,7
26,63,17,29.87854588,65.73085206,6.950300686,44.95654782,7
27,61,15,25.2653291,67.10004577,6.958054839,48.33941188,7
24,70,16,25.17885316,68.93307305,6.54803469,35.03484812,7
13,74,25,24.12192608,61.09533545,6.461618577,44.23629285,7
6,64,23,23.33565221,67.40460704,7.065264073,36.18678721,7
12,58,23,21.74600081,63.39503184,6.765091462,50.43306085,7
32,79,22,27.60195453,63.46170674,5.91645379,54.37814199,7
6,68,18,24.388717,62.50453062,6.711341147,47.26052494,7
10,79,20,24.98287462,66.895409,6.379881442,38.21370568,7
38,77,22,28.234829,69.3159965,6.313284268,35.36831423,7
17,74,17,26.03026959,69.55863145,7.393210848,37.11395801,7
26,68,24,28.04849594,64.07691942,7.504930973,37.15824966,7
23,75,17,24.87425505,64.00213929,7.198076286,48.28137482,7
32,78,22,23.97081395,62.35557553,7.007037515,53.40906048,7
19,79,19,20.06003985,67.76252583,6.677262562,42.89509057,7
22,60,18,19.59221047,61.28633405,6.74398035,41.7704893,7
28,69,16,29.77013109,66.29327012,6.547361618,35.69674138,7
1,67,21,27.52135365,60.53657684,6.551577598,48.06491307,7
12,67,23,25.62896213,63.14909763,6.585020303,45.49683991,7
36,67,20,20.39078312,60.47528931,6.924042372,53.31508572,7
28,70,21,25.39038396,60.4989659,7.437373666,39.18374505,7
12,71,19,24.91079638,60.71367427,7.142611056,42.19740397,7
22,68,16,27.70496805,63.20915034,7.74672376,37.46160727,7
26,66,22,18.06486101,65.1034354,6.300479414,51.54922825,7
16,65,16,18.13027797,62.45851612,6.078724107,50.6128521,7
14,59,22,23.82723528,67.89815262,6.76660668,46.90725077,7
33,59,19,23.19305333,62.74710773,7.641024177,49.55213308,7
21,63,17,25.08966129,68.17543102,6.559681838,41.45486619,7
0,69,21,25.86928193,61.88321072,7.072923306,36.68284038,7
10,75,17,18.43966037,68.05394959,7.732194788,39.00992137,7
30,61,18,27.14911056,67.02664337,6.157782589,52.50812701,7
0,74,17,23.33375853,64.50515776,7.240988401,47.01510708,7
35,74,22,26.7230014,62.96841833,6.898905799,42.87274897,7
7,63,24,19.55750776,64.45268309,6.818681086,53.04669416,7
9,56,17,26.13708256,66.7729209,6.261937875,46.48280681,7
14,74,15,27.99990346,65.57653373,6.493036868,49.94043064,7
14,76,20,29.05941162,62.10652364,7.042474679,36.5011366,7
36,65,16,25.71269843,64.1123333,7.692013657,50.17067771,7
28,67,21,21.79792649,63.73086065,6.250994223,46.62370222,7
28,79,16,24.70626432,60.26854183,6.052184881,53.12442925,7
40,61,22,20.94981756,65.8108757,7.002216044,44.23913012,7
10,70,19,24.84918386,68.98088448,7.272427638,41.61080544,7
12,80,19,21.91041045,65.21662467,5.962001484,36.10211371,7
37,77,20,25.93381964,68.70533022,7.080506001,51.02372773,7
0,67,22,29.82112112,69.4073209,6.593798387,51.56461082,7
7,73,25,27.52185591,63.13215259,7.28805662,45.20841071,7
10,56,18,27.99627907,68.6428593,7.32710972,46.10585191,7
39,70,15,20.76774783,63.90164154,6.366355781,47.9271552,7
26,56,22,23.05276444,60.424786,7.011121216,52.60285259,7
9,77,17,21.65845777,63.58337146,6.280725549,38.07659414,7
4,59,19,26.25070298,67.62779652,7.621494566,40.8106299,7
34,73,15,20.97195263,63.83179889,7.630424083,53.10207889,7
33,77,15,23.89736406,66.32102048,7.802212437,40.74536757,7
2,24,38,24.55981624,91.63536236,5.922935513,111.9684622,8
6,18,37,19.65690085,89.93701023,5.937649578,108.0458926,8
8,26,36,18.78359608,87.4024767,6.804781106,102.5184759,8
37,18,39,24.1469628,94.5110662,6.424670614,110.2316633,8
0,27,38,22.44581266,89.90147027,6.738016221,109.3905998,8
31,25,38,24.96273236,92.40501423,6.497366677,109.4169192,8
21,21,38,22.5526059,89.3259486,6.327673765,104.8955643,8
6,30,40,22.77035608,91.45498527,6.36137446,106.9659201,8
25,27,41,19.20090378,94.27659596,6.923509371,108.0423555,8
15,11,38,23.12808226,92.68328358,6.630646083,109.3930157,8
14,5,36,24.92639065,85.19098079,5.832525853,104.7693804,8
16,10,41,24.77464458,85.63608688,6.738993954,105.7595811,8
36,7,37,19.8671184,86.35590206,5.782435567,108.3168858,8
4,20,41,24.26601316,93.7974061,6.537042717,104.5375109,8
29,22,40,23.62600218,89.73266695,6.145104401,107.6836871,8
16,15,42,19.67832052,89.08935702,6.890784045,108.5468633,8
18,27,41,22.36509395,92.30882391,7.175344328,104.8216333,8
11,18,42,21.57936934,94.88267728,5.938528744,102.8593382,8
5,15,38,18.26233221,88.16779129,5.709380472,108.0756727,8
18,23,44,23.71028128,89.61794165,6.184400085,105.6499907,8
9,8,40,22.48720144,89.9224883,6.553509673,111.6631582,8
40,27,45,21.6602498,94.79397419,5.885638185,112.4349689,8
22,23,44,20.13037175,89.31505137,6.143874691,107.3416913,8
9,16,39,18.41164435,91.11927248,6.101198974,105.1834976,8
12,29,40,19.68291173,89.75272999,6.594037135,111.2818551,8
0,17,42,23.20242586,91.19442671,6.859840821,109.0946323,8
2,21,44,18.92157197,87.31290342,6.56893406,102.8013275,8
28,6,40,22.10621387,91.34039616,6.769855664,106.8704803,8
8,23,44,18.47412402,89.68919664,7.130837931,108.4758509,8
29,16,36,19.81069447,88.92944254,5.740338002,102.860084,8
17,18,43,24.4880844,90.83687246,5.843005428,103.1969341,8
34,21,42,18.75927679,89.93457597,6.648687274,111.0196744,8
21,23,42,19.54128063,90.29751796,6.902751061,104.3739878,8
25,17,40,18.91251245,87.74938524,6.608023872,111.2800516,8
8,25,36,19.91330523,94.95031368,6.828522375,104.0277061,8
26,18,42,19.72620525,89.64934166,6.910374919,108.2287276,8
4,19,42,23.83185873,87.84034604,6.306605528,111.2232716,8
36,24,41,24.94467632,94.25702672,7.009180374,103.8799347,8
5,24,40,24.692258,93.87030088,6.297907579,104.6735454,8
19,17,39,24.72485577,85.56083187,6.728599215,111.2787584,8
39,30,38,20.12644921,87.59629625,6.965156738,108.065579,8
5,29,44,21.02432943,93.0569505,5.578095745,104.7847006,8
4,24,43,22.40423537,88.1508343,7.199504273,109.8695196,8
38,21,35,20.33691147,89.38003827,5.841367187,110.9653137,8
37,11,36,24.24779615,85.56033312,6.710143266,106.9216033,8
9,25,41,24.81530144,91.90842992,5.972714857,109.2853418,8
29,22,43,19.66329768,87.95158129,5.561851831,106.0380805,8
5,21,38,22.43377991,90.3396556,6.107054808,112.459697,8
22,26,38,22.92052307,85.12912161,6.988035315,110.2437841,8
4,18,37,22.91843172,85.40695044,7.13147457,106.2817706,8
21,6,41,24.88244467,89.39686219,7.086947687,107.1951707,8
29,21,45,23.40981539,93.13277,6.749260456,105.2240743,8
23,5,44,21.20725375,94.26304717,7.16300467,107.5660804,8
13,7,43,18.20230419,91.12282162,7.013481515,109.6623974,8
5,13,37,22.34375696,89.7870345,5.648243649,103.3183074,8
27,24,41,24.32770134,90.88292835,6.610251186,110.4606459,8
7,23,35,19.75088482,88.71691157,7.054313823,102.5538035,8
12,20,39,19.86173586,86.19740917,6.026999326,111.0217929,8
4,19,43,18.07132963,93.14554876,5.779427402,106.3602023,8
3,9,45,23.89162561,89.61850203,6.535244251,104.617522,8
1,27,36,23.98598756,93.34236582,5.684995235,104.991282,8
23,30,44,20.93892916,85.42912869,6.12476108,103.0295938,8
24,21,42,20.82210727,87.22815682,6.999014379,109.4429934,8
13,30,37,20.86474944,91.61793636,6.277148771,106.8685636,8
40,11,44,24.45840036,86.10874614,6.322396027,111.3779693,8
21,9,40,24.51147697,90.64498715,5.956401828,105.6209954,8
3,27,44,24.56811204,92.03009222,6.591302797,110.9633894,8
40,29,42,24.63228709,89.01574455,7.104094929,110.6956184,8
14,25,40,20.07386547,90.97819712,6.407872061,103.7084055,8
38,14,37,21.80523051,94.63612858,6.658402594,102.6488846,8
34,9,36,22.8122645,86.34233767,6.276038961,110.4432293,8
32,14,37,22.73031253,88.48567856,6.825256236,104.6843243,8
18,21,35,23.2801227,94.94330457,6.368560522,111.1382096,8
8,23,38,19.30106297,87.1775172,7.005410734,105.4766591,8
15,6,41,19.0087067,88.83768149,6.897368477,108.6793978,8
0,5,36,24.35193812,90.88612388,6.152906502,105.529185,8
22,9,44,24.72235539,88.87651295,5.744361602,112.1926517,8
14,8,43,21.92513945,94.46485312,7.051654924,111.7162016,8
31,11,45,24.83954414,86.88738076,6.034612928,107.6435771,8
39,17,45,18.09691127,90.42177379,6.924490731,104.88189,8
10,5,42,20.24104904,91.08706822,6.887005997,109.2537734,8
8,28,38,23.22594,94.42971362,6.8444019,105.6917856,8
32,13,42,23.50128217,92.97527546,5.786058032,106.61905,8
18,9,40,19.44623085,89.02127045,5.627186257,106.1606833,8
20,27,41,20.51343484,92.51675903,5.700088663,110.5764023,8
39,25,36,18.90223032,94.99897537,5.567805185,107.6103211,8
20,7,45,18.90592319,89.24126808,6.077886012,112.4750941,8
11,10,45,22.63045168,88.45577158,6.397995609,109.0357597,8
40,18,43,19.38603815,86.79058496,5.767372539,109.9130984,8
3,26,39,24.38318965,91.19431555,7.079973241,103.6012114,8
9,16,36,23.77989026,92.93386903,5.893332378,106.977723,8
30,20,38,22.59890174,93.16343942,7.058222596,110.0932899,8
40,9,41,24.37766782,85.4017118,5.78270695,106.128338,8
40,30,35,20.89273273,91.07776977,6.269663963,104.4407083,8
32,25,35,18.09903225,85.70786282,5.892913826,107.0050976,8
33,23,45,20.00218987,85.83618191,7.116538883,112.337046,8
4,14,41,19.85139326,89.80732335,6.430163481,102.8186358,8
13,17,45,21.25433607,92.65058936,7.159520979,106.2784673,8
39,24,39,23.65374106,93.32657504,6.431265737,109.8076178,8
